Date in details,Name and nationality of Economcists / Prophets / Sahaba,Book Title or links,Schools of Thoughts,Crisis / Events,Evolution of Money,Society ,Dates 
,"Prophet Adam (peace be upon him), Earth",Qur’an 2:30–33; 2:35–36,"First labor, stewardship of resources (istikhlaf), basic economic agency",,Obsidian,Neolithic (“new stone age”) begins: men settle and become farmers,9500 BC
,,,,,9000 - 6000 B.C.: Cattle = المواشي,,9000 BC
,,,,,,,8000 BC
,,,,,,,
,,,,,,Fertile Crescent,7000 BC
,,,,,,,
,,,,,,6500-5500 Samarra culture,6000 BC
,,,,,,6000-5000 Halaf pottery shared( Halaf culture ),
,,,,,,5500-4000 Ubaid culture,
,,,,,,,5000 BC
,,,,,,,
,,,,,,,
,,,,,,circa 4200 Sumerian civilization in Mesopotamia.,4200 BC
,,,,,,circa 4000 first city-states Egypt and predynastic monarchies (Uruk period 4000-3100 BC),
,,,,,,3500 Semites integrate Syria,
,,,,,,3300 Semites integrate Sumer,
,,,,,,circa 3200 unification of Egypt,
,,,,,,- 3100 -,
,,,,,loan with commodity ( grain = الحبوب ),"3000 Sumerian civilization is established with a dozen city-states of Ur, Uruk, etc.",
,,,,,,2925 Old Kingdom of Egypt,3000 BC
,,,,,,"2300 Sargon of Akkad absorbs the country of Sumer into his kingdom, first major empire of history",
,"Prophet Nuh (Noah), Mesopotamia",Qur’an 11:37–38; 23:27,"Carpentry, shipbuilding (large‑scale construction), preservation of species",,,2100 Ur-Nammu Legislative Code in Mesopotamia,
,"Prophet Hud, Ād (Southern Arabia)",Qur’an 7:65–72; 26:123–140,Criticism of unjust wealth accumulation and tyranny,,2400 BC the concept of Taxation and equivalence with product by quantifying it,2423 End of the Old Kingdom of Egypt,
,"Prophet Salih, Thamūd (Arabia)",Qur’an 7:73–79; 54:23–31,"Fair distribution of water resources, environmental protection",,,2100 Middle Kingdom of Egypt,
2000-1800 BCE,"Prophet Ibrahim (Abraham), Mesopotamia / Canaan / Hejaz",Qur’an 2:124–129; 4:125; 19:41–50,"Trade, hospitality, pilgrimage economy, agricultural development",,,2000 Hittites arrive in Anatolia,2000 BC
,"Prophet Lut (Lot), Sodom (Dead Sea region)",Qur’an 7:80–84; 26:160–175,"Condemnation of theft, exploitation, and corrupt economic practices",,,1900 Babylonian kingdom’s expansion 1790 Code of Hammurabi in Mesopotamia,
,"Prophet Shu‘ayb, Madyan (northwest Arabia)",Qur’an 7:85–93; 11:84–95; 26:176–190,"Just weights and measures, prohibition of fraud in trade, fair pricing",,,,
1800-1700 BCE,"Prophet Yusuf (Joseph), Egypt",Qur’an 12:43–57; 12:78–82,"Economic planning, grain storage, famine management, state budget allocation",,,,
,"Prophet Ayyub (Job), Unknown / Biblical lands",Qur’an 21:83–84; 38:41–44,"Patience in poverty, wealth recovery, ethics of wealth after hardship",,,1600 Old Assyrian kingdom,
,,,,,,1680 Middle Kingdom of Egypt ends with the Hyksos invasion ,
,,,,,,1580 New Theban Kingdom in Egypt,
1400-1300 BCE,"Prophet Musa (Moses), Egypt / Sinai",Qur’an 2:275–279; 4:161; 28:23–28 (wage contract),"Prohibition of usury (riba), labor rights (Hebrew workers), land distribution",,,1450 Egyptian expansion in SyriaPalestine and Mesopotamia,
,,,,,,c.1300 Advent of Ramses II and peace with Hittites,
,,,,,1200 B.C.: Cowrie Shells,c.1250 Exodus of the Hebrews with Moses,
1000 BCE,"Prophet Dawud (David), Jerusalem",Qur’an 21:78–80; 34:10–11,"Metallurgy (softening iron for armor), fair judgment in commercial disputes",,"1000 B.C.: First Metal Money and Coins",,1000 BC
950 BCE,"Prophet Sulayman (Solomon), Jerusalem / Sheba",Qur’an 21:81–82; 27:17–44; 34:12–13,"Wind energy, mining (copper), international trade (fleet to Ophir, Sheba)",,,,900 BC
,"Prophet Zakariyya (Zechariah), Palestine",Qur’an 19:10–11; 21:89–90,"Carpentry (as a craft), provision for Mary (sustenance management)",,,721 Advent of Sargon II in Assyria,800 BC
,,,,,,"605 Nebuchadnezzar, King of Babylon",
,,,,,,753 Founding of Rome,
,,,,,,750 Greek colonization in the Mediterranean,
,,,,,,"c.1000 Israel: David, Solomon",
,,,,,,721 Destruction of Israel by the powerful Neo-Assyrian empire.,
,,,,,Coins after 640 BC,,700 BC
,,,,,Silver coins in Greece after 595 BC,"597 Nebuchadnezzar takes Jerusalem –after his death in 562, decline of Babylon
",600 BC
,,,,,,586 Captivity of the Jews in Babylon,
,,,,,Gold and silver bimetallism after 550 BC,550 Cyrus founds the Persian Empire,
,,,,,,538 Cyrus frees the Jews of Babylon,
,,,,,,525 Persia annex Egypt  ,
,,,,,,580 Tyrannies in Greece,
,,,,,"500 B.C.: Modern Coinage",504 Democracy in Athens,
,,,,,,485 Persia: Xerxes succeeds Darius,500 BC
,,,,,,480 Athens wards off the Persian menace after the battles of Marathon and Salamis,
,,,,,,460 Pericles in Athens; return of democracy in Greece,
,,,,,,429 Death of Pericles; Greece sinks in the Peloponnesian Wars,
,,,,,,,
,,,,,,400 Egypt regains its independence,400 BC
384-322 BC.,"Aristote, Grec",Auteur des Économiques et de l’Éthique à Nicomaque,"Following Plato’s line of thought (The Republic), Aristotle develops, in the fourth century BC, an original and moral economic theory. A fundamental author of antiquity on this subject, he would have a very strong influence throughout the medieval period due to the transmission of his ideas by Augustine of Hippo. He presents his doctrine in the Nicomachean Ethics, where he explains the fundamental difference between economics and chrematistics. He is also believed to have continued his reflection in the Economics, although the authenticity of this work is uncertain.

Another disciple of Plato, Xenophon, also wrote an economic treatise called the Economics. It is one of the few surviving works from antiquity that is entirely devoted to economic questions.",,,341 Egypt is reconquered by the Persians,
,,,,,,"c.340 Philip II of Macedonia conquers Greece; his son Alexander the Great conquers Egypt, Mesopotamia and Persia",
,,,,,,323 Alexander dies in Babylon,
,,,,,,323 Ptolemy I Soter integrates the Lagid dynasty in Egypt,
,,,,,,321 Seleucus I becomes satrap of Mesopotamia and Iran,
,,,,,,301 Battle of Ipsos between Alexander’s successors,300 BC
,,,,,,264 First Punic War for Rome,
,,,,,,,
,,,,,,,
,,,,,,146 Destruction of Carthage by Rome,200 BC
,,,,,118 B.C.: Leather Money,133 King of Pergamum bequeaths his state to Rome,
,,,,,,82 Dictatorship of Scylla in Rome,100 BC
,,,,,,63 Syria becomes Roman province,
,,,,,,44 Assassination of Caesar,
,,,,,,30 Death of Cleopatra; Egypt becomes Roman province,
,,,,,,"27 Augustus, first emperor",
4 BCE,"Prophet ‘Isa (Jesus), Palestine",Qur’an 3:49; 5:72–75; 61:6; also Gospel echo in Islamic exegesis,"Critique of usury (riba), healing as economic service (free healthcare model)",,,4 Birth of prophet Yahya before Isaa arround 6 months,
"1st c, CE","Prophet Yahya (John the Baptist), Palestine",Qur’an 19:12–15; 3:39,"Asceticism, critique of wealth without justice",,,1 CE,
,,,,,,30 CE,AD 1
,,,,,,54 Nero emperor,
,,,,,,81 Domitian emperor,
,,,,,,98 Trajan emperor,
,,,,,,,
,,,,,,117 Hadrian emperor,AD 100
,,,,,,,
,,,,,,,
,,,,,,284 Diocletian emperor,AD 200
,,,,,,312 End of antichristian persecutions in Rome; Constantine emperor,AD 300
,,,,,,,
,,,,,,400 Franks conquer Gaul,AD 400
,,,,,,433 Attila,
,,,,,,c. 476 ANTIQUITY ends with the fall of the Roman Empire and the Middle Ages begin,
,,,,,,482 Clovis,
,,,,,,520 The Plague spreads in Europe,AD 500
,,,,,,"527 Justinian, emperor of the East",
570 - 632,"Prophet Muhammad ﷺ, Arabia",Sahih al‑Bukhari / Sahih Muslim,"Fair trade, zakat, riba prohibition, market ethics, contract law",,,,
573-634,"Abu Bakr al‑Siddiq, Rashidun Caliphate",Historical chronicles of Rashidun governance,Organization of zakat and Bayt al‑Mal,,,,
576–656,"Uthman ibn Affan, Rashidun Caliphate",Early Islamic historical chronicles,Commercial expansion and trade administration,,,,
581–654,"Abd al‑Rahman ibn Awf, Arabia",Sira and Hadith literature,Ethical entrepreneurship and investment,,,,
584-644,"
Umar ibn al‑Khattab, Rashidun Caliphate",Kitab al‑Kharaj,"Welfare state, taxation, market supervision, pensions",,,,
600–661,"Ali ibn Abi Talib, Rashidun Caliphate",Nahj al‑Balagha,Fiscal justice and anti‑corruption principles,,,,AD 600
601–652,"Abu Dharr al‑Ghifari, Arabia",Hadith and historical literature,Critique of wealth concentration,,,697 Election of the first doge of Venice,
642–728,"Hasan al‑Basri, Umayyad Caliphate",Early Islamic ascetic literature,Ethics of wealth and labor,,,,
699–767,"Abu Hanifa, Abbasid Caliphate",Hanafi fiqh literature,Commercial law and partnerships,,,,
c. 721–815,"Jabir ibn Hayyan (Geber), Abbasid Caliphate",Kitab al‑Kimya,"Chemistry: distillation, crystallization, hydrochloric & nitric acids",,,732 Battle of Poitiers against the Arabs,AD 700
731–798,"Abu Yusuf, Abbasid Caliphate",Kitab al‑Kharaj,Taxation and fiscal policy,,,,
749–805,"Muhammad al‑Shaybani, Abbasid Caliphate",Kitab al‑Kasb,Trade law and contracts,,,,
757–818,"Yahya ibn Adam, Abbasid Caliphate",Kitab al‑Kharaj,Land taxation and public revenue,,,,
c. 780–850,"Muhammad ibn Musa al‑Khwarizmi, Abbasid Caliphate (Persia)",Kitab al‑Jabr wa‑l‑Muqabala,"Algebra, algorithms, astronomy, trigonometric tables",,,,
776–868,"Al‑Jahiz, Abbasid Caliphate",Kitab al‑Hayawan,"Labor specialization, productivity, food chains",,"A.D. 800 - 900: The Nose 806: Paper Currency
",,
9th c.,"Banu Musa brothers, Abbasid Caliphate (Baghdad)",Kitab al‑Hiyal,"Mechanical engineering, automatic controls, early robotics",,,"800 Charlemagne, emperor of Occident",AD 800
c. 801–873,"Al‑Kindi,  Abbasid Caliphate (Iraq)",De Radiis / Kitab al‑Manazir (partial),"Cryptanalysis, optics, pharmacology",,,843 Division of the empire of Charlemagne,
809–873,"Hunayn ibn Ishaq, Abbasid Caliphate (Iraq)",The Ten Treatises on the Eye,"Translation of Greek medicine, ophthalmology",,,,
810–887,"
Abbas ibn Firnas, Al‑Andalus (Spain)
",Fragments in historical chronicles,"Aviation (gliding), metronome, water clock, corrective lenses",,,,
872–950,"Al‑Farabi, Persia / Syria",Al‑Madina al‑Fadila,"Economic organization of society; music theory, epistemology",,,,
c. 873–948,"Qudama ibn Ja‘far, Abbasid Caliphate",Kitab al‑Kharaj wa Sina‘at al‑Kitabah,Public administration and finance,,,,
930–990,"Ali ibn Abbas al‑Majusi, Persia",Kitab Kamil al‑Sina‘a al‑Tibbiyya,"Capillary system, anatomy of uterus",,,c. 900 Viking invasions and feudalism,AD 900
936–1013,"Al‑Zahrawi (Albucasis), Al‑Andalus (Spain)",Kitab al‑Tasrif,"Surgery: surgical instruments, cauterization",,,"962 Otto I, emperor of Occident",
980–1037,"Ibn Sina (Avicenna), Persia",Kitab al‑Shifa / Al‑Qanun fi al‑Tibb,"Resource allocation, household management; Canon of Medicine",,,"987 Hugues Capet, King of France",
973–1048,"Al‑Biruni, Persia / Central Asia",Kitab al‑Qanun al‑Mas‘udi,"Earth rotation, geodesy, pharmacy, anthropology",,,,
965–1040,"Ibn al‑Haytham (Alhazen), Abbasid Caliphate (Iraq/Egypt)",Kitab al‑Manazir,"Scientific method, optics, camera obscura",,,,
972–1058,"Al‑Mawardi, Abbasid Caliphate",Al‑Ahkam al‑Sultaniyya,"Governance, taxation, administration",,,,
1029–1087,"
Al‑Zarqali (Arzachel), Al‑Andalus (Spain)",Tables of Toledo,"Equatorium, Toledan Tables, heliocentric model precursors",,,"1054 Schism with the East: final rupture between the Church of the East and Rome
",AD 1000
1048–1131,"Omar Khayyam, Persia",Risala fi al‑Jabr wa‑l‑Muqabala,"Geometric solution of cubic equations, Jalali calendar",,,1066 Battle of Hastings,
1058–1111,"Al‑Ghazali, Persia",Ihya Ulum al‑Din,"Utility, money, division of labor, market ethics",,,1096 First crusade,
1105–1185,"Ibn Tufayl, Al‑Andalus",Hayy ibn Yaqzan,Human cooperation and society (philosophical novel),,,1147 Second crusade,AD 1100
1126–1198,"Ibn Rushd (Averroes), Al‑Andalus",Bidayat al‑Mujtahid / Colliget,"Market justice, property; medicine, astronomy",,,1189 Third crusade,
1184–1253,"Al‑Tifashi, North Africa / Egypt",Azhar al‑Afkar fi Jawahir al‑Ahjar,"Mineralogy, gemology",,,c. 1184 Start of the Inquisition,
1201–1274,"Nasir al‑Din al‑Tusi, Persia",Akhlaq‑i Nasiri / Al‑Tadhkira,"Household economics; trigonometry (Tusi couple), astronomy",,,,AD 1200 
1213–1288,"Ibn al‑Nafis, Syria / Egypt",Sharh Tashrih al‑Qanun,Pulmonary circulation (blood flow from heart to lungs),,,,
1263–1328,"Ibn Taymiyyah, Syria",Majmu‘ al‑Fatawa,"Supply and demand, fair pricing",,,,
1267-1273,,"In his Summa Theologica, Thomas Aquinas (1224–1274) examines many economic issues, including the justification of private property, trade, and profit.",,,,1227 Death of Genghis Khan; Mongols carry on and reach the Middle East and Eastern Europe,
1292–1350,"Ibn al‑Qayyim, Syria",Al‑Turuq al‑Hukmiyyah,Monetary stability and anti‑monopoly ideas,,,,
1325-1382,"Oresme, Nicolas , Français","Economiste et intellectuel aux multiples centres d'intérêt, («je ne sais que je ne sais rien»), Traité dénonçant les manipulations monétaires , De moneta 1355",-,,,"c.1300 Ottoman Turks succeed Seljuk Turks shattered by Mongols
",AD 1300
1332–1406,"Ibn Khaldun, Maghreb",Muqaddimah,"Taxation, labor value, growth cycles, Asabiyya (social cohesion)",,,,
1364–1442,"Al‑Maqrizi, Egypt",Ighathat al‑Ummah,Inflation and monetary crises,,,"1337 Hundred Years’ War between France and England
",
,,,,,,c.1350 Black Death in Europe,
,,,,,,1429 Joan of Arc in Orléans,AD 1400
1450,,," Mercantilism is an economic school of thought that developed during the 16th, 17th, and 18th centuries. Here are some key points of mercantilism:

Favorable trade balance: Mercantilists believed it was essential for a country to maintain a positive balance of trade, meaning it exports more than it imports. They thought this increased a country’s reserves of gold and silver, thereby strengthening its economic power.

Protectionism: Mercantilists advocated the use of tariffs and trade barriers to protect domestic industries and promote exports. They aimed to limit imports and encourage local production.

Accumulation of wealth: Mercantilists considered national wealth a measure of economic and political power. They encouraged the accumulation of precious metals, especially gold and silver, through trade and colonial exploitation.

Government intervention: Mercantilists supported strong state intervention in the economy. They advocated the regulation of commercial activity, the promotion of industrialization, and the creation of trade monopolies.

Colonization and expansion: Mercantilists viewed colonization as a way to obtain raw materials and open new markets for national products. They encouraged territorial expansion to strengthen a country’s economic position.

These points represent the main aspects of mercantilist thought. However, it should be noted that mercantilist ideas evolved over time and can vary depending on authors and historical contexts.",,,c. 1450 Beginning of the Renaissance with the rediscovery of the writings of ancient Greece in Italy before the rest of Europe,
,,,,,,1453 Hundred Years’ War ends,
,,,,,,1453 Constantinople falls to the Turks,
,,,,,,1492 Columbus reaches America,
1495,,"Publication in Venice of the treatise on accounting in which the mathematician Fra Luca dal Borgo (Luca Pacioli, 1445–1517) presents the principle of double-entry bookkeeping.",,,,1498 Vasco da Gama reaches India,
1501-1600,,"The philosophers and theologians of the School of Salamanca laid the foundations of modern economic theory by developing the subjective theory of value, the idea that the just price is the one resulting from the functioning of the free market, the legitimacy of profit, and the basics of the quantity theory of money, among other ideas.",,,1500: Potlach,1500 Birth of Carlos Quinto,AD 1500
,,,,,,1519 Cortes conquers Mexico,
,,,,,,1521 Excommunication of Luther,
,,,,,,1532 Pizarro conquers Peru,
,"Taqi al‑Din al‑Rasid	1526–1585	Ottoman Empire (Istanbul)	Spring‑driven clock, observational instruments	Al‑Turub al‑Samiyya",,,,1535: Wampum,1534 Cartier explores the St. Laurent,
,,,,,,"1558 Elizabeth I, Queen of England and Ireland",
,"Montchrestien, Antoine de ,Français, 1575-1621","Mercantilist, founder of political economy.",,,,1562-1598 France: Wars of Religion,
,,,,,,1588 Invincible Armada is defeated,
,,,,,,,
,,,,,,"1607 First successful British settlement in Jamestown, Virginia
",AD 1600
1615,"Antoine de Montchrestien published his Treatise on Political Economy, marking the beginning of mercantilism.",,,,,"1618-1648 Thirty Year’s War in Germany
",
,,,,"1637: February. “Tulip mania,” a speculative frenzy in the Netherlands and across Europe centered on the “Semper Augustus” tulip, leads to the collapse of the tulip market, which loses 95% of its value, and causes the ruin of hundreds of families. “Tulip mania” is considered the first major international financial crisis of modern times.",,"1620 The Mayflower reaches North America
",
1661,"Colbert, Jean-Baptiste ,1619-1683, Francais ",Founder of the economic and political doctrine known as “Colbertism.”,,,,1642 Civil war in England,
,,,,,,"1660 Restoration of Charles II in England 1683 The Battle of Vienna ends the expansion of the Ottoman Empire
",
1695,"Boisguilbert, Pierre Le Pesant de , Francais  ,  1646-1714","Precursor of political economy, initiator of the three-class economic circuit, the multiplier effect, and macroeconomic dynamics.",,,,1685 French Protestants’ exodus,
1703–1762,"Shah Waliullah Dehlawi, Mughal India, Wealth distribution and labor specialization	Hujjat Allah al‑Baligha",,,,,,AD 1700
1705,"Mandeville, Bernard , Néerlando-britannique ,1670-1733","The Fable of the Bees, division of labor.",,,,1715 Death of Louis XIV of France,
1713,"Bernoulli, Daniel 1700-1782, Suisse","Première théorie du risque, paradoxe de Saint-Pétersbourg",,,,,
1730,"Cantillon, Richard , Britannique,1680-1734","First economic circuit, inspiration for the Physiocrats, Adam Smith, and the Austrian School.",,"In 1720, within a few months of each other, two financial crises occurred in France and England involving shares of companies exploiting the resources of the New World: the South Sea Company and John Law’s Mississippi Company. These crises are known in England as the South Sea Bubble and the Mississippi Bubble. The British Financial Revolution was affected. In France, it is known as the collapse of Law’s System and was the result of France’s massive level of debt in 1715.",,,
1738,"Dutot, Nicolas , Français , 1684-1741",Father of the quantitative study of economic phenomena. Réflexions politiques sur les finances,,,,,
1740,"Hume, David, 1711-1776, écossais","Anti-mercantiliste, pionnier de la théorie quantitative de la monnaie et du rôle du commerce extérieur dans la croissance   Traité de la nature humaine",,,,,
1750,,,,,,"1740 Frederic II, King of Prussia",
1751,"Galiani, Ferdinando
1728–1787
Italy","Theory of value (Della Moneta)
1751",,,,,
1755,"Publication of Essay on the Nature of Trade in General by Richard Cantillon, the first systematic treatise on economics.",,,,,,
1756,,,,,,1756 Europe: Seven Years’ War,
1758,"The Physiocrat François Quesnay publishes the Tableau Économique, the first representation of an economic circuit.","Cofondateur de la physiocratie, Tableau économique","Physiocrates: Natural order: The Physiocrats believed in the existence of a natural order in the economy, which they saw as governed by natural laws similar to those governing the physical world. They thought the economy should be left to function naturally, without excessive state intervention.
Value of land: According to the Physiocrats, land was the only true source of real wealth. They considered agriculture the only productive activity capable of generating wealth and contributing to the economy. Therefore, they placed great importance on agriculture and regarded farmers as the true creators of wealth.
Net product: The Physiocrats introduced the concept of the “net product” (produit net) to measure the wealth created by agriculture. They defined it as the difference between the total value of agricultural output and production costs. They believed this net product should be used to finance economic development.
Free circulation of goods: The Physiocrats supported freedom of trade and advocated the removal of restrictions and barriers to commerce. They believed international trade was beneficial and encouraged nations to specialize according to their comparative advantages.
Laissez-faire and minimal government intervention: The Physiocrats favored a laissez-faire approach to economics. They advocated a minimal role for the state in the economy and opposed excessive regulations and government controls.

These points summarize the main aspects of Physiocratic thought. Their focus on agriculture, their land-based theory of wealth, and their promotion of free trade strongly influenced the later development of economic thought.",,,,
,,,,,,,
,,,,,,,
1770,"Anne Robert Jacques Turgot(1727–1781) publishes Reflections on the Formation and Distribution of Wealth, which marks the transition between Physiocracy and classical liberalism.   Turgot, Anne Robert Jacques","One of the early classical economists, theory of value, theory of interest, Reflections on the Formation and Distribution of Wealth.",,"Economic crisis of 1772–1773: This crisis affected Europe and was triggered by various factors, including a series of poor harvests, financial difficulties, and broader economic problems.

American economic crisis of 1772–1773: This crisis affected the American colonies before the United States War of Independence. It resulted from trade problems, excessive debt, and economic repercussions due to growing tensions with Great Britain.",,,
1776,"Condillac
1715–1780
Utility-based value theory
",March :Le Commerce et le gouvernement (1776),,,,1776 Declaration of independence of the USA,
,March 9: publication of An Inquiry into the Nature and Causes of the Wealth of Nations by Adam Smith (1723–17 July 1790).,,"Classical: Labor theory of value: The classical economists, notably Adam Smith and David Ricardo, emphasized the labor theory of value. They argued that the value of a good or service is determined by the amount of labor required to produce it.
Benefits of specialization and free trade: The classical economists advocated specialization and free trade. They believed that countries should specialize in producing goods in which they have a comparative advantage, and that free trade promotes an efficient allocation of resources and stimulates economic growth.
Law of diminishing returns: The classical economists formulated the law of diminishing returns, which states that if one input is increased while others remain constant, marginal output will eventually decrease. This implies that marginal returns decline as the use of a specific resource increases.
Invisible hand and market self-regulation: Adam Smith introduced the concept of the “invisible hand,” which suggests that individual actions driven by self-interest lead to beneficial outcomes for society as a whole. Classical economists believed in market self-regulation and thought that market forces could lead to an efficient allocation of resources.
Labor theory of value and distribution theory: Classical economists also developed theories about income distribution. They argued that income is distributed according to the contribution of labor and capital to production. According to them, wages are determined by supply and demand for labor, while profits are generated through entrepreneurial activity and capital investment.

These points summarize some of the main elements of classical economic thought. Their ideas on labor value, specialization, free trade, and market regulation have had a lasting influence on the development of economic thinking and laid the foundations for many later economic theories.",,,1781 End of American Revolutionary War,
1785,"Condorcet, N. de
1743–1794
France","Paradox of voting / political arithmetic
1785",,,,,
1788,,,,"Bond loans, April 1788 crisis: In France, the value of the Caisse d’escompte gradually collapsed in the spring of 1788 and then suddenly during the summer. In the meantime, this brought the royal treasury to the brink of bankruptcy and led to the convening of the Estates-General.",,1787 US Constitution,
,,,,,,1789 French revolution,
1792,,,,"Monetary base: The Panic of 1792 (March and April) in the United States followed the creation in 1791 of the First Bank of the United States, the first American central bank. It was caused by the launch of a massive policy of low-interest loans, leading to a speculative borrowing boom, followed by a sudden rise in interest rates. This made borrowers unable to meet their obligations, resulting in a chain of bankruptcies.",,,
1797,,,,"Monetary crisis in February – banking panic in England: A banking panic broke out in England. Fearing rumors of invasion, depositors rushed to withdraw their money from banks across the country. Some banks collapsed, and even the Bank of England was forced to suspend cash payments, which further worsened the panic.",,,
1798,"Thomas Malthus
1766–1834
Population theory
",Essay on the Principle of Population (1798),,,,,
1803,"Publication of the Treatise on Political Economy by Jean-Baptiste Say (1767–1832).

","Say, Treatise on Political Economy.",,,,1803 Louisiana Purchase by the United States,AD 1800
1808,"Fourier
1772–1837
France","Théorie des quatre mouvements
1808",,,,,
1810,,,,"In 1810 (banking crisis), while Great Britain was under Napoleon’s blockade, the credit system collapsed, causing numerous bankruptcies. One year earlier, the United States had imposed an embargo on goods and transactions coming from London and Paris, but the causes went beyond the blockade itself.

On the one hand, the pound sterling—decoupled from gold in order to avoid raising taxes despite the war situation—was weakened by excessive credit expansion and inflation. On the other hand, England faced difficulties in collecting payments from its sales in South America. Finally, the licensing system and smuggling had led to a reduction in bank reserves.

The resulting economic downturn notably gave rise to Luddism, a movement of machine-breaking protests by workers affected by industrial changes.",,1803-1815 Napoleonic Wars,
1816,,,,,"1816: The Gold Standard",,
1817,"Publication of On the Principles of Political Economy and Taxation by David Ricardo (1772–1823), in which he introduced the principle of comparative advantage.",,,,,,
,"Saint-Simon
1760–1825
France","Early socialist writings
1817",,,,,
1819,"Jean de Sismondi
1773–1842
Crisis and underconsumption theory
",Nouveaux principes d’économie politique (1819),,"First major financial crisis in the United States due to land speculation: The severe agricultural and industrial recession that followed lasted for several years.

The Panic of 1819 was the first large-scale financial crisis in the United States, if the banking crisis of 1797–1800 is excluded. It marked the end of the expansion that followed the War of 1812, whose financing had drained bank reserves and led to a suspension of cash payments in 1814.

This resulted in an inflation of private money issuance, which was invested in speculative land purchases. The Second Bank of the United States then adopted a restrictive monetary policy, triggering a wave of bankruptcies and a deep agricultural and industrial recession.",,,
1825,,,,"The United Kingdom experienced the first major stock market crisis in history. The London Stock Exchange collapsed after the bursting of a speculative bubble in Latin American investments.

In 1825, following intense speculation in Latin American ventures (banks, insurance companies, ship financing, canal construction, etc.), the value of these assets crashed on the London Stock Exchange. Many banks went bankrupt, and in 1826 alone, around 3,300 businesses failed.

This crisis, which mainly affected Great Britain, is considered one of the first major stock market crashes in history.",,,
1836,,,,"In 1836–1837 (Panic of 1837), England experienced another stock market crash following a decision by U.S. President Andrew Jackson to require that the sale of public land be paid for in hard currency (specie, i.e., gold and silver).

This policy abruptly ended land speculation in the United States. Because American banks had taken loans in London, the financial shock spread to the United Kingdom and even affected Germany.

Shortly afterward, on May 10, 1837, the speculative bubble burst in the United States when American banks suspended cash payments, triggering a major financial crisis known as the Panic of 1837.",,,
1838–1897,"Jamal al‑Din al‑Afghani, Persia/Afghanistan,",Economic modernization and anti‑colonial development	Political essays and reform writings,,,,,
1838,"
Antoine Augustin Cournot        1801–1877        Mathematical economics, duopoly model       ",Les Recherches sur les principes mathématiques de la théorie des richesses (1838),,,,,
1841,"Friedrich List publishes Das nationale System der politischen Ökonomie (The National System of Political Economy), in which he advocates protectionism for emerging (“infant”) industries. Germany","National System of Political Economy
1841",,,,,
1844,"Dupuit
1804–1866
France","Consumer surplus theory
1844",,,,,
1845,"Bastiat
1801–1850
France","Economic Sophisms
1845",,,,,
1847,,,,"Speculation in railway stocks (the “Railway Mania”) caused a crash on the London and Paris stock exchanges.

In both England and France, enthusiasm for shares in railway companies, combined with an underestimation of construction and investment costs, pushed stock prices to unsustainable levels. The collapse of stock prices in 1847, following new capital calls that shattered investor confidence, revealed a deeper credit crisis. This triggered a banking panic, the failure of many banks, and the suspension of activity in several companies.

Shortly afterward, the political revolution in France led to a stock market panic that caused another wave of bankruptcies.",,,
1848,"Publication of Principles of Political Economy by John Stuart Mill (1806–1873), in which he presents utilitarianism and develops key ideas in political economy.",,,,,1848 Mexican-American War and the US extends west to California,
1849-1905,"Muhammad Abduh, Egypt",Islamic reform and finance modernization	Risalat al‑Tawhid,,,,,
1857,Publication of Das Kapital (Capital) by Karl Marx (1818–1883).Germany,"Das Kapital Vol. 1
1867","Marxist: Historical materialism: Marxism is based on historical materialism, an approach according to which economic forces and relations of production determine social structures and political institutions. Karl Marx argued that human history is characterized by class struggle, and that the evolution of modes of production is the foundation of these conflicts.
Class struggle: According to Marx, society is divided into social classes with conflicting interests. He identified the bourgeoisie, the capitalist class owning the means of production, and the proletariat, the working class that sells its labor power. Marx predicted that the proletariat would rise against the bourgeoisie in a revolution to establish a classless society.
Labor theory of value and exploitation: Marx used the labor theory of value to explain capitalist exploitation. He argued that the value of goods is determined by the amount of socially necessary labor required to produce them. According to Marx, capitalists exploit workers by paying them less than the value of their labor, generating a surplus value known as surplus value.
Abolition of private ownership of the means of production: Marxism advocates the abolition of private ownership of the means of production. Marx called for the socialization of these means, meaning they would be collectively owned and democratically managed by the working class. This would eliminate exploitation and create a socialist or communist society.
Critique of capitalism: Marxism offers a deep critique of capitalism, highlighting its contradictions and alienating effects on workers. Marx viewed capitalism as an inherently unjust and unstable system, where economic inequality and profit-seeking lead to economic crises and social tensions.

These points summarize key elements of Marxist thought. Marxism had a major influence on the development of socialism and inspired many political and social movements around the world.","In August 1857, the Ohio Life and Insurance Company, facing strong credit demand, suspended its payments. It was quickly followed by banks in New York, Maryland, and Pennsylvania, and then by other major banks in Baltimore, Philadelphia, and Boston.

The discount rate rose sharply, and in September railway stocks experienced a steep decline on the New York Stock Exchange. The American crisis then spread immediately to England in the form of an exchange-rate crisis, which quickly developed into a domestic credit crisis.

Although less severe, it also reached France, where the Paris Stock Exchange saw a significant downturn. This was followed by an economic recession across all countries linked through monetary, financial, and economic ties.",,1861-1865 US Civil War,
1866,,,,"May 11. ‘Black Friday’ at the London Stock Exchange, which suffers a major crash after the bankruptcy of a financial institution. The crisis causes a banking panic",,1864 First International of labor unions,
1870,,,,,,,
1871,"Jevons
1835–1882
UK","Theory of Political Economy
1871",,,,,
,"Publication of Principles of Economics by Carl Menger, one of the three founders of marginalist economics and the founder of the Austrian School of Economics.",,"Neoclassical economists are a school of economic thought that developed from the 19th century onward and continues to influence the discipline today. Here are some key points of neoclassical thinking:

Utility and utility maximization: Neoclassical economists consider that individuals make economic decisions by seeking to maximize their utility. They place great importance on individual preferences and on maximizing personal satisfaction in decision-making.
Market equilibrium: Neoclassical economists emphasize market equilibrium, where supply and demand meet to determine prices and quantities exchanged. They believe the market is an efficient mechanism for allocating resources and that it naturally tends toward an equilibrium in which supply and demand balance each other.
Marginal value theory: Neoclassical economists develop the theory of marginal value, according to which the value of a good or service is determined by its marginal utility, meaning the additional utility gained from obtaining one extra unit of that good or service.
Role of firms and entrepreneurs: Neoclassical economists recognize the central role of firms and entrepreneurs in the economy. They consider that firms seek to maximize profits by optimizing the combination of factors of production and responding to market price signals.
Critique of government intervention: Neoclassical economists are often critical of government intervention in the economy. They argue that free markets are generally more efficient than government intervention and that they are able to adjust to economic changes.

It should be noted that neoclassical thought encompasses a variety of perspectives and schools of thought, which leads to differences in approaches and emphasis. However, these general points summarize some of the main characteristics of neoclassical economic though",,,1871 Germany is unified,
1873,,,,"May 9. After two years of intense speculation in Germany and Austria, the crash of the Vienna Stock Exchange marks the beginning of more than twenty-five years of stagnation in the world economy. This Great Depression is now considered the first major crisis of globalization.

The banking crisis of May 1873, triggered by a crash on May 9 in Vienna, was caused by uncontrolled real-estate speculation that collapsed when the 1873 World’s Fair proved disappointing. Berlin, boosted by the Prussian monetary law of December 4, 1871, and Paris, driven by the speculations of Georges-Eugène Haussmann, were the most affected by the backlash. Bank failures multiplied, and banks began to distrust one another.

In the United States, the difficulties of Jay Cooke & Co. triggered the Panic of September 18, 1873. This was followed by the “Great Stagnation” of the world economy between 1873 and 1896.",,,
1874,"Publication of Elements of Pure Economics by Léon Walras, founder of the theory of general equilibrium.",,,,,,
1875,"Böhm-Bawerk
1851–1914
Austria","Capital and Interest
",,,,,
1877,"Muhammad Iqbal, British India",Economic justice in Islam	The Reconstruction of Religious Thought in Islam,,,,,
1881,"Edgeworth
1845–1926
Ireland","Mathematical Psychics
1881",,,,,
1882,,,,"January 19. The bankruptcy of the Union Générale, a French bank that had multiplied speculative investments in Eastern Europe, causes a severe stock market and banking crisis in France. It is a leftover effect of the 1873 crash.

On January 19, the bank’s share price collapses, leading to its failure and a large-scale stock market and banking crisis largely confined to France. Founded four years earlier, Union Générale had experienced rapid growth based on risky investments, particularly in mining, insurance, and land development companies, especially in Russia, Austria-Hungary, and the Balkans, as well as stock market speculation.",,,
1890,"Publication of Principles of Economics by Alfred Marshall (1842–1924), a foundational work of the neoclassical school of economics.",,,"A default on payments by Argentina causes the collapse of the Baring Bank in Great Britain. The stock market panic spreads from the London Stock Exchange to other major financial centers.

The oldest British bank fails due to its exposure to Argentine sovereign debt, as Argentina becomes over-indebted and defaults. The Bank of England, supported by the Banque de France, steps in to rescue it in order to prevent a chain of bankruptcies. However, London banks, seeking to offset their losses on Argentine securities, sell assets on the New York market, thereby helping to spread the panic.",,,
1891,"Keynes (J.N.)
1852–1949
UK","Scope of Political Economy
1891",,,,,
1893,,,,Financial crash that occurred in the United States when investors tried to convert their federal holdings into gold.,,,
1898,"Wicksell
1851–1926
Sweden","Interest and Prices
1898",,,,,
1899,"Clark
1847–1938
USA","Distribution of Wealth
1899",,,,,
,"Veblen
1857–1929
USA","Theory of the Leisure Class
1899",,,,,
1903–1979,"Abu A‘la al‑Mawdudi, India/Pakistan",Islamic economic system and banking	The Economic Problem of Man and Its Islamic Solution,,,,,AD 1900
1906,"Publication in Italian of the Treatise on Political Economy by Vilfredo Pareto (1848–1923), a foundational work in microeconomics.",,,,,1914-1918 World War I,
1907,,,,"The 1907 American banking panic, also called the Banker’s Panic, occurs when the stock market suddenly collapses, losing nearly 50% of the value it had reached at its peak the previous year. Starting in New York, the panic spreads across the entire country, pushing many banks and businesses into bankruptcy.",,,
1911,"Schumpeter
1883–1950
Austria","Theory of Economic Development
1911",,,,,
1912,"Pigou
1877–1959
UK","Wealth and Welfare
1912",,,,,
1919,Publication of The Economic Consequences of the Peace by John Maynard Keynes (1883–1946).,,,,,1917 Bolshevik Revolution in Russia,
1923,,,,"Interest rates. In Germany, the hyperinflation of the Weimar Republic reached its peak in November 1923. Its immediate cause was France’s demand for war reparations (“the Boche will pay”). The French army occupied the Ruhr as collateral, paralysing the country’s main industrial region. Within a few months, goods were being bought for billions of marks, and a wheelbarrow was needed to carry the banknotes.

The monetary crisis was worsened by internal unrest (Communists in Saxony and Thuringia, and Hitler’s Beer Hall Putsch in Munich). The Americans and the British, who had major financial interests in Germany, persuaded France to reduce its demands and withdraw from the Ruhr.",,1929 World economic crisis,
1924,"Publication of the book Social Credit, presenting the theory of Social Credit by Clifford Hugh Douglas.",,,,"1930: End of the Gold Standard",,
1929,,,,October 24. The crash of the New York Stock Exchange triggers the most severe global economic crisis of the 20th century. This new Great Depression is the second major crisis of modern globalization.,,,
1930,,,,"Throughout the year, stock markets are marked by volatility. The crisis begins to affect the real economy. In the autumn, as the Federal Reserve refuses to inject liquidity into the banking system, the failure of the Bank of United States triggers a large-scale banking crisis. Unable to access credit, hundreds of companies go bankrupt. Depositors are also affected.",,,
1931–2022,"Nejatullah Siddiqi, India",Islamic banking theory	Banking Without Interest,,"May–June. The banking crisis reaches Europe with the collapse of several German and Austrian banks. Speculators attack the mark, forcing Germany to seek international loans to support its currency. In the autumn, a second wave of bank failures shakes America. The banking crisis turns into an economic crisis.",,,
1932,"Khurshid Ahmad, Pakistan",Islamic development economics	Studies in Islamic Economics,,,,,
1933,"Muhammad Umar Chapra, Saudi Arabia/Pakistan",Islamic banking and development	Islam and the Economic Challenge,,,,,
,"Bertil Ohlin (1899–1979) publishes Interregional and International Trade, which contains the first version of the Heckscher-Ohlin model.",,,"March. Third American banking crisis. In less than four years, the number of unemployed in the United States rose from 1.5 million to 15 million. Franklin D. Roosevelt introduces the New Deal (“new deal”) to revive the economy. He aims to mitigate the effects of the economic crisis within one hundred days.

His program seeks to assist the most disadvantaged and reform the banking and financial system, notably by separating commercial and investment banking and creating a financial markets regulatory authority, the Securities and Exchange Commission (SEC).",,1933 Hitler becomes chancellor,
1935–1980,"Baqir al‑Sadr, Iraq",Islamic economics vs capitalism/socialism	Iqtisaduna,,Renewal of the New Deal with the adoption of several social laws in the United States. The reform program will end in 1938.,,,
1936,"Publication of the book The General Theory of Employment, Interest and Money by John Maynard Keynes, which establishes the foundations of macroeconomic theory.",,,,,,
1937,"John Hicks presents, in an article titled Keynes and the Classics: A Suggested Interpretation, the IS-LM model, his interpretation of the General Theory. It is a synthesis of Keynesian and neoclassical analysis.",,,"New recession in the United States. The world economy has been in stagnation for eight years, and several countries have increased protectionist measures to shield themselves from the crisis.",,,
1939,,,,,,1939-1945 World War II,
1940,"Monzer Kahf, Syria",Zakat and Islamic public finance	The Islamic Economy,,,,,
1942,"Publication of Capitalism, Socialism, and Democracy by Joseph Schumpeter (1883–1950)",,"Keynesianism : Effective Demand: Keynesianism emphasizes the central role of effective demand in the economy. Keynes argued that fluctuations in aggregate demand, particularly investment and consumer spending, were the main drivers of economic cycles.
Role of the State: Keynesians advocate for an active role of the government in the economy to reduce economic fluctuations and promote growth. According to Keynes, the government should intervene to stimulate demand by increasing public spending, reducing taxes, or using expansionary monetary policies.
Fiscal Policy: Fiscal policy holds a central place in Keynesian thought. Keynes recommended the use of budget deficits during periods of recession to stimulate economic activity. The idea was that additional government spending would create additional income and demand, thereby supporting economic recovery.
Keynesian Multiplier: Keynes developed the concept of the Keynesian multiplier to explain how changes in public spending could have a multiplying effect on aggregate demand. According to the Keynesian multiplier, an increase in government spending can generate a larger increase in national income.
Monetary Policy: Although monetary policy was not at the core of Keynesian thought, Keynes recognized its importance. He argued that central banks should use expansionary monetary policies to lower interest rates and stimulate investment and aggregate demand.

Keynesianism had a considerable influence on economic policies in many countries, especially after the Great Depression of the 1930s. Keynesian thought also contributed to the emergence of macroeconomics as a distinct field of study, focused on the analysis of economic aggregates and macroeconomic policies.",,,,
1944,,,,"July 22. Bretton Woods Agreement, which establishes the international monetary system, remaining in force until 1971, and creates the International Monetary Fund (IMF) and the future World Bank.",,,
1948,Publication of Economics: An Introductory Analysis by Paul Samuelson (1915–2009).,,,,,1947 Cold War begins,
1949,Publication of Human Action: A Treatise on Economics by Ludwig von Mises (1881–1973).,,,,,c. 1950 Decolonization,
1954,"Timur Kuran, Turkey/USA",Institutional critique of Islamic economics	The Long Divergence,,,,,
1962,Publication of Capitalism and Freedom by Milton Friedman (1912–2006).,,,,,,
1966,,,,"Credit crisis in the United States. By pursuing a restrictive monetary policy to fight inflation, the Federal Reserve (the U.S. central bank) worsens the difficulties of banks, which are already facing depleted reserves. These banks then restrict lending, triggering an economic slowdown.

After several years of strong economic growth, U.S. banks run short of reserves in a context where the Federal Reserve is implementing a tight policy to contain inflation. The crisis results in falling stock prices, reduced liquidity, and rising interest rates, leading to a sharp slowdown in economic activity. It is considered the first modern crisis, with similar credit tightening episodes occurring in 1969 and 1974.",,,
1968,,,,,,1968 Ecological movements,
1969,"Tinbergen
1903–1994
Netherlands","Econometric modeling
Nobel 1969",,,,,
,"Frisch
1895–1973
Norway","Econometrics
Nobel 1969",,,,,
1970,"Samuelson
1915–2009
USA","Foundations of Economic Analysis
Nobel 1970",,,,,
1971,"Kuznets
1901–1985
USA","Economic Growth studies
Nobel 1971","Monetarists: Role of money: Monetarists place great importance on money in the economy. They argue that the quantity of money in circulation has a direct impact on levels of output, employment, and inflation. According to monetarists, excessive growth of the money supply can lead to inflation.
Price and wage rigidity: Monetarists emphasize the idea that prices and wages do not adjust immediately to changes in supply and demand. They argue that price adjustments are slow and that monetary policy should therefore be used to maintain price stability.
Money supply rule: Monetarists advocate a money supply rule, according to which the growth of the money supply should be regulated in a predictable and stable way. They generally recommend a fixed and moderate growth rate of the money supply to maintain price stability and promote economic growth.
Critique of discretionary policies: Monetarists are often critical of discretionary economic policies, meaning policies adjusted according to changing economic conditions. They argue that such policies can introduce uncertainty and errors into economic decision-making and instead advocate clear and predictable monetary rules.
Importance of aggregate supply: Monetarists place particular importance on aggregate supply in determining output and employment. They emphasize that monetary policy can influence aggregate supply by affecting incentives for production and investment.

Monetarism has had a significant influence on economic policy, particularly in the 1970s and 1980s. Its ideas were used to justify strict anti-inflation policies and to challenge discretionary economic management. However, it should be noted that there are debates and differences of opinion within the monetarist school itself.","August 15. The United States unilaterally suspends the convertibility of the dollar into gold and allows its currency to float. They carry out a first devaluation of 7.9% in December, followed by a second in February 1973. At that date, the so-called “Washington Agreements” establish a system of floating exchange rates, which calls into question the Bretton Woods system established in 1944.

The unilateral suspension of dollar-gold convertibility on August 15 leads to the Washington Agreements of December 18, 1971. After a transition period, this results in the adoption, in February 1973 following the Washington Agreements of December 18, 1971, of the floating exchange rate system, which is still in place today. It was effectively implemented on March 19, 1973, and later formalized by the Jamaica Agreements of January 8, 1976.",,,
1972,"Arrow
1921–2017
USA","Social Choice & Welfare
Nobel 1972",,May. Opening in Chicago of the International Monetary Market and introduction of the first currency futures contracts. Stock options appear the following year on the Chicago Board Options Exchange.,,,
,"Hicks
1904–1989
UK","IS-LM model
Nobel 1972",,,,,
1973,"Publication of the article by Fischer Black (1938–1995) and Myron Scholes (1941– ) on option valuation, The Pricing of Options and Corporate Liabilities, which lays the foundations of modern financial mathematics.",,,"December. First oil shock: the price of a barrel is multiplied by four after the embargo imposed by Arab member countries of the Organization of the Petroleum Exporting Countries (OPEC), following the Yom Kippur War in October.",,"1973 First Oil Shock, economic crisis and mass unemployment starts",
,"Leontief
1906–1999
USA","Input-Output Analysis
Nobel 1973",,,,,
1974,"Hayek
1899–1992
Austria/UK","Road to Serfdom
Nobel 1974",,"June 26. The collapse of the German Herstatt Bank triggers a severe crisis in the foreign exchange market and highlights the systemic risks created by the interdependence of financial centers. The Basel Committee on Banking Supervision, bringing together central bank representatives from the Group of Ten countries, is created in December.

On June 26, the Herstatt Bank in Germany formally files for bankruptcy while the U.S. dollar side of its foreign exchange transactions remains unsettled due to time-zone differences. This becomes the first major awareness of systemic risk in modern financial markets.",,,
,"Myrdal
1898–1987
Sweden","Asian Drama
Nobel 1974",,"Bond crisis. The oil shock causes British bonds to fall as it worsens already existing inflation. The Labour government is forced to request $3.9 billion from the IMF in 1976 due to a boycott of the bond market, after inflation peaked at 25% in 1975.",,,
1976,"Friedman
1912–2006
USA","Monetary History of US
Nobel 1976",,"January. The Jamaica Agreements, following the meeting of the Interim Committee of the International Monetary Fund (IMF), formalize the abandonment of the gold standard and confirm the generalized floating of currencies.",,,
1977,"Meade
1907–1995
UK","Trade & Welfare
Nobel 1977",,,,,
,"Ohlin
1899–1979
Sweden","Trade Theory
Nobel 1977",,,,,
1978,"Simon
1916–2001
USA","Administrative Behavior
Nobel 1978",,,,,
1979,"Schultz
1902–1998
USA","Human Capital
Nobel 1979",,"March. Creation of the European Monetary System (EMS), which replaces the “snake in the tunnel” and introduces a unit of account, the ECU, whose value is based on a basket of currencies.

June. The United Kingdom abolishes exchange controls and deregulates capital movements.

October. Acceleration of financial deregulation in the United States. The Federal Reserve sharply raises interest rates. From October onward, the new chairman of the U.S. central bank, Paul Volcker, pushes up overnight money market rates, which will exceed 20% several times in order to bring an end—successfully but at the cost of a severe recession—to the high inflation of the 1970s.",,,
,"Lewis
1915–1991
UK","Dual Sector Model
Nobel 1979",,,,,
1980,"Klein
1920–2013
USA","Macro econometric models
Nobel 1980",,"Cornering the silver market (metals, energy, agricultural commodities). A spectacular but unsuccessful attempt to corner the silver market by Texan oilman Nelson Bunker Hunt and his brother William Herbert Hunt was clearly conceived and planned during the inflationary years, when traditional precious metals appeared to be safe-haven assets.

It was ultimately defeated by the massive rise in short-term U.S. interest rates (see above) and ended with (a) the bankruptcy of the Hunt brothers and (b) a lasting loss of monetary status for precious metals.",,,
1981,"Tobin
1918–2002
USA","Portfolio Theory
Nobel 1981","Real Business Cycle:  Supply shocks: According to real business cycle theory, economic fluctuations are mainly caused by supply shocks rather than demand shocks. These supply shocks may be linked to technological changes, variations in productivity, or disruptions in natural resources.
Reactions of economic agents: Economic agents, such as workers and firms, adjust their decisions in response to supply shocks. For example, during a positive supply shock, firms increase production and workers increase their labor supply. Similarly, during a negative supply shock, firms reduce production and workers reduce their labor supply.
Real cycle: Real business cycle theory argues that observed economic fluctuations result from optimal economic adjustments to supply shocks. These adjustments lead to cyclical movements in output, employment, and other real economic variables.
Rationality of economic agents: Economic agents in real business cycle theory are assumed to be rational and well-informed. They make optimal decisions based on available information about supply shocks and adjust their behavior to maximize their utility or profits.
Critique of stabilization policies: Proponents of real business cycle theory question the effectiveness of economic stabilization policies, such as discretionary monetary and fiscal policy. They argue that such policies can introduce distortions and inefficiencies into the economy by disrupting optimal adjustments of agents to supply shocks.

Real business cycle theory was developed in the 1980s and has sparked debate and criticism among economists. Some economists argue that supply shocks are not sufficient to fully explain economic fluctuations and place greater emphasis on demand shocks and market imperfections","August. First currency swap contract arranged by Salomon Brothers, a Wall Street investment bank, on behalf of the World Bank and the computer giant IBM.",,,
1982,"Stigler
1911–1991
USA","Regulation Theory
Nobel 1982",,"August. Mexico declares itself in default. The financial crisis spreads throughout Latin America and the Caribbean. The questioning of commercial banks that had lent massively to developing countries encourages the expansion of financial markets.

Following the 1973 oil shock, developing countries had become heavily indebted, especially since commercial banks were eager to recycle the huge deposits of petrodollars they held. However, this debt was mainly used to cover budget deficits rather than to finance investment, a situation further worsened by the second oil shock of 1978, while banks remained highly willing to lend. A large share of developing-country debt was short-term and carried variable interest rates.

The sharp rise in U.S. short-term interest rates decided at the end of 1979 significantly increased debt burdens. The country where the balance-of-payments situation deteriorated most rapidly was Mexico, which suddenly defaulted in August 1982. This triggered a general credit squeeze and led to a global banking crisis. The U.S. Federal Reserve had to cut interest rates urgently, while the IMF provided emergency credit lines to developing countries. The stock of outstanding debt remained a major issue in the global financial system until the adoption of the Brady Plan (see Brady bonds) in 1989.

This episode, which highlighted “the imperfections of banking intermediation in credit supply” (Michel Aglietta), greatly contributed to the development of financial markets and disintermediation.",,,
,,,,,,,
1983,"Debreu
1921–2004
USA","General Equilibrium
Nobel 1983","New Keynesians (first generation): First-generation New Keynesian economists are researchers who sought to integrate the core principles of Keynesian theory with elements of microeconomics and models of price and wage adjustment. Here are some key points of first-generation New Keynesian thought:

Nominal rigidities: New Keynesians recognize the existence of nominal rigidities, meaning obstacles that prevent prices and wages from adjusting instantly in response to changes in demand and supply. They emphasize market frictions that lead to slow price and wage adjustments, such as long-term contracts and menu costs.
Role of expectations: New Keynesians place particular importance on the expectations of economic agents. They argue that expectations influence economic behavior and can contribute to economic fluctuations. For example, pessimistic expectations may lead to a decline in consumption and investment, amplifying fluctuations.
Stabilization policies: First-generation New Keynesians support the use of stabilization policies, such as monetary and fiscal policy, to mitigate economic fluctuations. They stress that effective policies can help stabilize the economy by reducing the costs associated with price and wage adjustments.
Role of information asymmetry: New Keynesians recognize the role of information asymmetry in the economy. They argue that asymmetries of information between agents can lead to suboptimal behavior, such as adverse selection in credit markets and moral hazard problems.
Market dynamics: First-generation New Keynesians sought to model market dynamics by incorporating nominal rigidities and expectations into their frameworks. They developed macroeconomic models that take into account slow price and wage adjustments and interactions between economic agents.

First-generation New Keynesians contributed to the revival of Keynesian thought and influenced economic policy, particularly in the 1980s and 1990s. Their work laid the foundations for the later development of New Keynesian macroeconomics.",Beginning of the collapse of savings and loan associations in the United States. More than seven hundred institutions fail between 1983 and 1989.,,,
1984,"Stone
1913–1991
UK","National Accounts
Nobel 1984",,"January. In France, a banking law introduces the dematerialization of shares and bonds. May. Rescue of Continental Illinois National Bank and Trust Company, the seventh-largest bank in the United States, through a $7.5 billion support package provided by other banks and the government.",,,
1985,"Modigliani
1918–2003
USA","Life-cycle hypothesis
Nobel 1985",,"May. Reform of the French money market, now open to all investors. First fungible Treasury bonds (OAT) are issued.

September 22. Plaza Accord: the United States, Japan, the Federal Republic of Germany, France, and the United Kingdom agree to intervene in foreign exchange markets.

November 21. A computer outage at the Bank of New York freezes the settlement system for U.S. government bonds for nearly 28 hours and is resolved only through an unprecedented emergency injection of $20 billion by the U.S. Federal Reserve.",,,
1986,"Buchanan
1919–2013
USA","Public Choice Theory
Nobel 1986",,"February. Opening in Paris of the futures market for financial instruments (MATIF, renamed in 1988 the International Futures Market of France).

October. London “Big Bang”: the United Kingdom deeply liberalizes its financial markets and reorganizes the City along the lines of the American model.",,,
1987,"Solow
1924–
USA","Growth Model
Nobel 1987","Second-generation New Keynesians are economists who continued to develop and refine the ideas of first-generation New Keynesians. They placed particular emphasis on market imperfections, nominal rigidities, and the effects of uncertainty on the economy. Here are some key points of second-generation New Keynesian thought:

Nominal and real rigidities: Second-generation New Keynesians recognize both nominal and real rigidities in the economy. They consider that markets are characterized by imperfections that prevent prices and wages from adjusting quickly. This may be due to long-term contracts, menu costs, search frictions in labor markets, etc.
Models of imperfect competition: They developed models of imperfect competition to analyze markets where firms have some degree of market power. They emphasized the consequences of these imperfections on prices, wages, and firms’ decisions, which can affect macroeconomic dynamics.
Monetary and fiscal policy: Second-generation New Keynesians support the use of monetary and fiscal policy to stabilize the economy in the event of economic shocks. They stress the importance of active monetary policy, including the use of policy rules or inflation targeting, as well as fiscal policy to smooth economic fluctuations.
Effects of uncertainty and expectations: They pay particular attention to the effects of uncertainty and expectations on economic behavior. Expectations may be influenced by factors such as economic uncertainty, imperfect information, and cognitive biases, affecting consumption, investment, and policy decisions.
Interaction between real and monetary markets: They analyze the interaction between real and monetary markets, recognizing that financial conditions such as interest rates, credit, and liquidity constraints can have significant effects on economic activity. They study how monetary policy can influence these financial conditions and affect the real economy.

Second-generation New Keynesians contributed to the enrichment and sophistication of macroeconomic models by emphasizing market imperfections, realistic agent behavior, and interactions between markets. Their work has influenced economic policy and economic research.


","October. The rise in long-term U.S. interest rates diverts investors away from equity markets, triggering a crash on Wall Street: on the 19th, the Dow Jones index falls by 22.6%. Hong Kong, London, Brussels, and Paris are quickly affected. The Federal Reserve, acting as lender of last resort, intervenes to prevent a major crisis.

From January 1987 onward, due to imbalances in the foreign exchange market caused by the Louvre Accord, which artificially halted the dollar’s decline, long-term U.S. interest rates rose significantly while equity markets continued to climb. By late summer, 10-year yields had increased by 300 basis points, making equity valuations increasingly unsustainable and triggering a major correction. On October 19, the 10-year yield increase over the year briefly reached 400 basis points, ultimately causing the most dramatic one-day stock market crash ever recorded. The U.S. central bank intervened massively as lender of last resort to prevent a chain of failures among brokerages and investment banks.",,,
1988,"Allais
1911–2010
France","Market Theory
Nobel 1988",,"July. Basel Accords on the capital adequacy of international banks. They must now comply with a solvency ratio (the so-called “Cooke ratio”), requiring them to hold a minimum level of equity capital in order to reduce the risk of bankruptcy.",,,
1989,"Haavelmo
1911–1999
Norway","Econometrics
Nobel 1989",,"August. The United States Congress adopts a rescue plan for savings and loan associations.

October. Crash of junk bonds (high-yield, high-risk speculative bonds) in the United States.",,1989 Collapse of the Berlin Wall and end of the Cold War,
,,,,"Between the beginning of the year and autumn 1989, the average yield on junk bonds rises from 450 basis points above U.S. government bonds to more than 1,000 basis points (i.e., a 10% actuarial yield) above those same government bonds.

Calculation method: Merrill Lynch junk bond index minus the actuarial yield of the 7-year constant maturity Treasury. Source: Federal Reserve Bank of San Francisco (archive). Junk bonds: banking, interest rates.",,,
,,,,"The peak is reached on December 29, 1989, on the Japanese stock market, with an intraday high of 38,957.44 for the Nikkei index.

Japanese speculative bubble (stocks, real estate, banks).",,,
1990,"Markowitz
1927–
USA","Portfolio Theory
Nobel 1990",,"Janvier. Début du dégonflement de la bulle financière au Japon après que l’indice Nikkei a atteint son plus haut historique en séance (38 957,44 points) le 29 décembre 1989. Suppression du contrôle des changes en France.

Juillet. La directive sur la liberté de circulation des capitaux entre en vigueur dans la Communauté économique européenne.

Septembre. Effondrement du marché international de l’immobilier après une importante vague de spéculation., Le 2 août 1990, l'Irak envahit le Koweït. Depuis, 1988, l'Irak cherchait à revaloriser ses revenus issus de sa production pétrolière, accusant le Koweït de lui « voler » son pétrole. Les conséquences du conflit sur le plan financier furent : une augmentation du prix du baril, et une tension maximale sur les marchés financiers (remboursement des emprunts des pays en voie de développement et émergents), qui conduisit le FMI à prendre deux mesures, le Enhanced Structural Adjustment Facility (ESAF) et le Compensatory and Contingency Financing Facility.",,,
,"Miller
1923–2000
USA","Corporate Finance
Nobel 1990",,,,,
,"Sharpe
1934–
USA","CAPM
Nobel 1990",,,,,
1991,"Coase
1910–2013
UK","The Nature of the Firm
Nobel 1991",,,,,
1992,"Becker
1930–2014
USA","Economic Approach to Behavior
Nobel 1992",,"February. Signature of the Maastricht Treaty establishing, by 2002, a European Economic and Monetary Union (EMU) based on a single currency called the “euro,” introduced in May 1998.

September. Uncertainty over the result of the French referendum on the Maastricht Treaty triggers a European currency turmoil: the Italian lira and the British pound exit the EMS. At the end of the month, speculators fail to achieve the same outcome with the French franc.

Shortly before the French referendum on 20 September 1992, which created significant uncertainty about the future of European monetary union, the Italian lira is forced to leave the EMS. In the aftermath, George Soros and other hedge fund managers succeed in forcing the pound sterling out of the EMS on 16 September (Black Wednesday). After the referendum results, which were nevertheless positive, the same actors—having been encouraged by the leverage effects provided by the narrow EMS fluctuation bands—launch a spectacular but unsuccessful attack on the French franc, pushing overnight money market rates in France above 20% throughout the crisis.",,,
1993,"North
1920–2015
USA","Institutions & History
Nobel 1993",,"August. Speculation on the foreign exchange market breaks the parity between the French franc and the Deutsche Mark. The EMS fluctuation bands are widened.

In August, a second attempt (see above) on the foreign exchange market to break the Deutsche Mark/French franc parity succeeds. The fluctuation margins of the European Monetary System (EMS) are significantly expanded in order to permanently discourage a repetition of this phenomenon.",,,
,"Fogel
1926–2013
USA","Cliometrics
Nobel 1993",,,,,
1994,"Nash
1928–2015
USA","Game Theory
Nobel 1994",,"February. Bond market crash.

October. Executives at the American bank JPMorgan Chase develop credit default swaps (CDS), contracts that act as insurance against the risk of corporate debt default. A U.S. Senate amendment adopted in 2000 will later foster the expansion of derivatives.

December. Severe economic and financial crisis in Mexico, capital flight. The IMF conditions its assistance on the strengthening of austerity policies.

Bond markets, having overly anticipated the continuation of falling short-term interest rates, undergo a sharp correction of more than 200 basis points lasting for most of the year.",,,
,,,,"Mexican economic crisis (“Tequila crisis”).

The fixed peg of the Mexican peso to the US dollar was, in the long run, incompatible with Mexico’s high inflation rate. However, this peg created a widespread illusion of exchange-rate security. Combined with the removal of structural barriers to capital flows, it led between 1990 and 1993 to a massive inflow of foreign capital into the Mexican economy—more than $90 billion—which dollarized the economy and, above all, fueled a banking credit boom to the private sector, growing at 25% per year during the period.

But inflation gradually eroded Mexico’s competitiveness, and external accounts deteriorated, with the balance of payments deficit reaching 8% of GDP. From December 20, 1994, capital outflows accelerated and the peso collapsed. Bill Clinton, president of the United States and close economic partner of Mexico, intervened to halt the crisis, and the United States, together with international organizations, lent $50 billion to Mexico one week after the start of the crisis, including $18 billion via the IMF. In 1995, Mexico’s GDP fell by 7%. (Forex, interest rates, systemic risk)",,,
1995,"Lucas
1937–
USA","Rational Expectations
Nobel 1995",,"February. Collapse of Barings Bank, the oldest British investment bank, following speculative investments (losses of £900 million, or €1.16 billion).",,,
1996,"Vickrey
1914–1996
USA","Auction Theory
Nobel 1996",,,,,
,"Mirrlees
1936–
UK","Optimal Taxation
Nobel 1996",,,,,
1997,"Merton
1944–
USA","Black–Scholes model
Nobel 1997",,"March–December. A succession of monetary and financial crises in East Asia (Thailand, the Philippines, South Korea, Indonesia, Hong Kong, etc.). The shockwave soon spreads to Russia and then to Latin America. The mechanism is very similar to the one that led, two and a half years earlier, to the 1994 Mexican crisis (see above).

The fixed peg to the U.S. dollar of several regional currencies, particularly the Thai baht, created an illusion of exchange-rate stability. As a result, local banking systems accumulated large short-term foreign-currency debts without properly accounting for exchange-rate risk, financing two massive speculative bubbles across the region: real estate and equity markets.

Local banks engaged in a double mismatch: borrowing short-term in foreign currencies to lend long-term in domestic currency. Loan collateral often consisted of overvalued real estate or overinflated stocks. The inflow of foreign capital was also facilitated by the expansionary monetary policy of the Bank of Japan aimed at combating deflation. However, foreign creditors gradually reduced their exposure during 1997, and on July 2, 1997, Thai authorities were forced to let the baht float. The trap then closed on the region’s economies, triggering both a currency crisis and a banking crisis.",,,
,"Scholes
1941–
Canada","Options pricing
Nobel 1997",,,,,
1998,"Sen
1933–
India","Welfare Economics
Nobel 1998",,"August–September. The beginning of the Russian crisis; the ruble loses nearly 30% of its value. Collapse of the American investment fund Long-Term Capital Management (LTCM). The U.S. Federal Reserve organizes a $3.6 billion rescue to prevent the collapse of the global financial system.

This severe and prolonged bond market crisis, triggered by the excesses of LTCM’s managers, the dramatic Russian public finance crisis, and the resulting “flight to quality,” may have been one of the most serious warnings ever experienced by the global financial system: it came closer than ever to a breakdown in the relationships between major financial instruments.",,,
1999,"Mundell
1932–
Canada","Optimum Currency Area
Nobel 1999",,"January. Financial crisis in Brazil, where the real falls by 40% in a few days. Neighboring countries, including Argentina—Brazil’s main trading partner—are affected. The euro becomes the single currency of the Economic and Monetary Union (EMU). All financial market transactions are now conducted in euros.

November. President Bill Clinton repeals the Glass–Steagall Act, enacted in 1933 by President Franklin D. Roosevelt to separate commercial banking from investment banking.",,,
2000,"Heckman
1944–
USA","Selection bias models
Nobel 2000",,"Turkey

The crisis breaks out on 20 November 2000 within the framework of an ambitious stabilization plan adopted at the end of 1999, aimed at reducing inflation from an average of 65% to 25% in 2000 and below 10% by 2002. The program includes a peg of the Turkish lira to the US dollar in order to reduce inflationary expectations.

Inflation is indeed brought down to below 35% year-on-year by February 2001, but in the meantime, the inflow of foreign capital encourages Turkish banks to engage in excessive speculation on falling interest rates, purchasing large volumes of government bonds financed through short-term borrowing in Turkish lira or, even more riskily, in US dollars.

As in Mexico in 1990–1994, Turkey’s competitiveness erodes—at roughly three times the speed—and the balance of payments deteriorates rapidly, triggering panic in the interest rate market as banks attempt to unwind their positions. Between 10 November and 10 December, medium-term Turkish government bond yields rise from 40% to 110%.

Facing the risk of widespread banking failures, the Turkish money market dries up and foreign-currency credit lines are not renewed. An emergency IMF loan in December proves insufficient, and in February the government is forced to let the lira float, leading to a 50% depreciation against the US dollar. A second, much larger assistance program is then implemented under the leadership of the United States.",,,AD 2000
2000,"McFadden
1937–
USA","Discrete choice theory
Nobel 2000",,Économie du Zimbabwe(Hyperinflation au Zimbabwe),,,
2001,"Akerlof
1940–
USA","Market for Lemons
Nobel 2001",,"January. A debt crisis breaks out in Argentina. The IMF will refuse, in December, to grant an emergency $1.2 billion (€800 million) aid package to Buenos Aires. The country plunges into an unprecedented crisis.

September 12. Sharp fall in financial markets following the terrorist attacks in the United States the previous day. Liquidity injections by the Federal Reserve and the European Central Bank (ECB), as well as cuts in policy interest rates, help prevent a banking crisis.

The systemic dimension of the crisis is highlighted by the fact that several major financial institutions had operations in the World Trade Center towers and nearby, while key communication nodes for payment and settlement systems were affected by the attacks. The U.S. Federal Reserve responded rapidly and forcefully, injecting unlimited liquidity to banks facing settlement mismatches—institutions that had payment obligations but had not yet been credited by counterparties. The intervention was so large that the U.S. interbank overnight rate, the Fed Funds rate, fell to zero for several days. The Fed continued for more than a week to supply liquidity freely, avoiding any risk of systemic collapse.

For its part, the European Central Bank provided an additional €130 billion in liquidity to European banks. Finally, an unexpected coordinated cut in policy rates was carried out by the Federal Reserve, the ECB, and the Bank of England.

December. Bankruptcy of the American energy trading company Enron (with $64 billion in assets) following accounting fraud. Nearly 7,000 employees are laid off.",,,
,"Spence
1943–
USA","Signaling Theory
Nobel 2001",,"In autumn 2001, credit spreads on junk bonds returned to levels close to those reached during the 1989 crisis (see above). The September 11 attacks, followed by a slight contagion from the Argentine economic crisis (see below), pushed them again above 1,000 basis points.

Interest rates – Junk bonds",,,
,"Stiglitz
1943–
USA","Information Asymmetry
Nobel 2001",,Argentine economic crisis. It breaks out in November 2001 (foreign exchange market / forex).,,,
2002,"Kahneman
1934–
USA","Prospect Theory
Nobel 2002",,"July. Telecommunications giant WorldCom files for bankruptcy. It is the largest (fraudulent) bankruptcy in history.

As the Brazilian presidential election of 27 October approaches, the increasing likelihood of victory by Luiz Inácio Lula da Silva creates growing anxiety among holders of Brazilian public debt. Argentina (see above) has just defaulted on its debt, and fears rise that, once elected, Lula will impose a moratorium on interest payments.

Throughout the year, the yield spread between Brazilian dollar-denominated bonds and U.S. Treasury bonds rises steadily, peaking in October at 2,300 basis points (i.e., a 23% yield differential). This level implicitly assigned Brazil a near-100% probability of default. At the same time, the real depreciates, losing half of its value.

Notably, this crisis unfolds despite a massive $30 billion IMF support package, of which only $6 billion was disbursed before the election and $24 billion after. The bubble deflates rapidly once the election is over, as it becomes clear that the new president will not pursue financial adventurism.",,,
,"Smith
1927–
USA","Experimental Economics
Nobel 2002",,,,,
2003,"Engle, Robert
1942–
USA","ARCH models (volatility in finance)
Nobel 2003",,,,,
,"Granger, Clive
1934–2009
UK","Causality in time series
Nobel 2003",,,,,
2004,"Kydland, Finn
1943–
Norway","Dynamic macroeconomics
Nobel 2004",,,,,
,"Prescott, Edward
1940–
USA","Real business cycles
Nobel 2004",,,,,
2005,"Aumann, Robert
1930–
USA","Game theory (repeated games)
Nobel 2005",,"April. In the United States, credit companies secure a reform of personal bankruptcy law. It mainly penalizes people who are unemployed or facing excessive medical expenses",,,
,"Schelling, Thomas
1921–2016
USA","Strategic conflict theory
Nobel 2005",,,,,
2006,"Phelps, Edmund
1933–
USA","Inflation–unemployment tradeoff
Nobel 2006",,,,,
2007,"Hurwicz, Leonid
1917–2008
USA","Mechanism design theory
Nobel 2007",,"February 8. HSBC warns that defaults on subprime mortgage loans will reduce its annual profit by $10.5 billion. This marks the beginning of the subprime crisis.

April 2. The second-largest U.S. subprime lender, New Century Financial Corporation, files for bankruptcy.

August. Collapse of the U.S. subprime mortgage market. Beginning of the financial crisis.

August 9. Suspension of three BNP Paribas funds. The European Central Bank injects €95 billion into the banking system, and the U.S. Federal Reserve injects $24 billion.

September 15. The British government guarantees up to £60 billion (€75 billion) of deposits at Northern Rock, which is on the brink of collapse. It will later be nationalized on February 17.

October 29. Resignation of Stan O'Neal, CEO of Merrill Lynch, after announcing a $2.24 billion loss. On November 4, Charles Prince, CEO of Citigroup, resigns as well, followed on January 8 by James Cayne, CEO of Bear Stearns.",,,
,"Maskin, Eric
1950–
USA","Incentive-compatible mechanisms
Nobel 2007",,,,,
,"Myerson, Roger
1951–
USA","Mechanism design theory
Nobel 2007",,,,,
2008,"Krugman, Paul
1953–
USA","Trade theory & economic geography
Nobel 2008",,"January 21. Global stock markets collapse.

January 24. Speculative operations by a trader, Jérôme Kerviel, cause a €4.9 billion loss for Société Générale.

February 13. U.S. President George W. Bush signs an economic stimulus package, including nearly $150 billion (€106 billion) in tax cuts for individuals and businesses.

March 16. JPMorgan Chase acquires, with financial assistance from the Federal Reserve, the investment bank Bear Stearns, whose two hedge funds collapsed during the summer of 2007.

July 28. The U.S. Congress passes a $300 billion housing bailout plan aimed at 400,000 homeowners at risk of foreclosure.

This crisis, triggered by the securitization of toxic mortgage debt from the U.S. housing bubble of the 2000s, broke out in the summer of 2007 (the subprime crisis). It led to falling real estate prices, a domino effect causing the collapse of several major global banks, and a decline in stock markets. Central banks (mainly the ECB and the Fed) injected massive liquidity. However, the adoption of the U.S. bank bailout plan (the Paulson Plan) and other measures in Europe were not sufficient to restore confidence, leading to a global stock market crash in October 2008. The interbank market became almost completely frozen due to very high interest rates and a generalized loss of trust. The real economy also began to be affected. U.S. pension funds lost about $2 trillion in one year.",,,
,,,,"September 7. Washington nationalizes the two main mortgage lenders in distress, Fannie Mae and Freddie Mac. Estimated cost: $200 billion (€142 billion).

September 15. Investment bank Lehman Brothers files for bankruptcy, as the Federal Reserve refuses to rescue it. Bank of America acquires Merrill Lynch.

September 16. The U.S. government and the Federal Reserve acquire 79.9% of the world’s largest insurance company, AIG, for $85 billion (€60 billion).

September 19. To counter the threat of a systemic collapse of financial markets, Treasury Secretary Henry Paulson proposes the purchase of “toxic assets” held by banks. Estimated cost: $700 billion (€497 billion).

September 21. Goldman Sachs and Morgan Stanley abandon their investment bank status and become commercial banks to access the rescue plan.

September 23. “Wall Street as we know it will cease to exist,” announces the Wall Street Journal.

September 26. JPMorgan Chase takes control of Washington Mutual with federal assistance, marking the largest bank failure in U.S. history.

September 28. British bank Bradford & Bingley is nationalized.

September 29. The U.S. House of Representatives rejects the bailout plan proposed by Secretary Paulson, triggering a historic stock market plunge on Wall Street.

September 30. The Irish government announces it will guarantee 100% of deposits in domestic banks.",,,
2009,"Ostrom, Elinor
1933–2012
USA","Governance of commons
Nobel 2009",,"Greek crisis: Currency, bond market, equities, systemic risk, 2009",,,
,"Williamson, Oliver
1932–2013
USA","Transaction cost economics
Nobel 2009",,,,,
2010,"Diamond, Peter
1940–
USA","Search frictions in labor markets
Nobel 2010",,"Real estate market, banking, equities, systemic risk, bond market (2010-2015)

The crisis begins at the end of 2009 but becomes truly visible in 2010. It results both from the global financial crisis and from country-specific factors in Greece: high public debt (around 120% of GDP) and a revealed budget deficit rising from 6% to 12.7% of GDP, eventually reaching 15.4%.

This crisis is largely due to the lack of transparency in the reporting of Greece’s debt and deficit. It threatens to spread to other countries, particularly Portugal and Spain, fragile economies forced to adopt austerity measures. For some observers, the crisis reflects the difficulties of a Europe facing relative decline.",,,
,"Mortensen, Dale
1932–
USA","Search & matching theory
Nobel 2010",,,,,
,"Pissarides, Christopher
1948–
UK/Cyprus","Labor market search models
Nobel 2010",,,,,
2011,"Sargent, Thomas
1943–
USA","Macroeconomic causality
Nobel 2011",,,,,
,"Sims, Christopher
1942–
USA","Time series macroeconometrics
Nobel 2011",,,,,
2012,"Roth, Alvin
1951–
USA","Market design
Nobel 2012",,"Forex, inflation, marché, hyperinflation , La chute du prix du baril de pétrole a très fortement affecté le Venezuela où 96 % des recettes de l’État sont tirées de l'exploitation de pétrole. En conséquence, le pays connait une des plus graves crises économiques de son histoire après une récession du PIB du pays à 2 chiffres à partir de 2016 et une situation d'hyperinflation à un niveau jamais vu depuis très longtemps, dépassant la barre de 1 000 000 % en 2018 selon le FMI.",,,
,"Shapley, Lloyd
1923–2016
USA","Cooperative game theory
Nobel 2012",,,,,
2013,"Fama, Eugene
1939–
USA","Efficient markets hypothesis
Nobel 2013",,,,,
,"Hansen, Lars Peter
1952–
USA","Econometric methods (GMM)
Nobel 2013",,,,,
,"Shiller, Robert
1946–
USA","Behavioral finance & asset pricing
Nobel 2013",,,,,
2014,"Tirole, Jean
1953–
France","Market power & regulation
Nobel 2014",,"Forex , Elle commence fin 2014 mais ne devient réellement visible qu'en 2015. Elle résulte par la forte dégradation qui a suivi la réélection présidentielle de Dilma Roussef : hausse, allégations de corruption et la perte de la capacité d'investissement public entraîna une forte récession économique.",,,
2015,"Deaton, Angus
1945–
UK","Consumption, poverty, welfare
Nobel 2015",,Actions (equities),,,
2016,"Hart, Oliver
1948–
UK/USA","Contract theory
Nobel 2016",,,,,
,"Holmström, Bengt
1949–
Finland","Incentive theory
Nobel 2016",,,,,
2017,"Thaler, Richard
1945–
USA","Behavioral economics
Nobel 2017",,,,,
2018,"Nordhaus, William
1941–
USA","Climate economics
Nobel 2018",,"Forex, taux d'intérêt, Face à une inflation galopante (avec un taux d'inflation annuel d'environ 13 % pour 2018), des taux d'intérêt restant bas sous la pression du président Turc Erdogan, à la suite de menaces commerciales de la part du président américain Donald Trump et à la volonté de ce dernier de « punir » la Turquie pour la détention du pasteur américain Andrew Brunson, la livre turque perd près de la moitié de sa valeur le 13 août. Son taux de change passe en une journée de 3,5 livres pour 1 dollar à 7,5 livres pour 1 dollar.",,,
,"Romer, Paul
1955–
USA","Endogenous growth theory
Nobel 2018",,"Forex, inflation.

Between January and September 2018, the Argentine peso loses 50% of its value. To respond to the currency’s depreciation, the central bank sharply raises its policy interest rate. Meanwhile, Mauricio Macri launches an austerity plan, including the abolition of around ten ministries and increases in export taxes.",,,
2019,"Banerjee, Abhijit
1961–
USA/India","Poverty & development experiments
Nobel 2019",,"In late 2019, early signs of COVID-19 appeared in China and began spreading globally.",,"In 2019, the Yemen civil war continued, causing a severe humanitarian crisis with widespread famine and displacement.",
,"Duflo, Esther
1972–
France/USA","Randomized development economics
Nobel 2019",,,,"In 2019, the Syrian civil war was still ongoing, although the conflict had slowed compared to earlier years.",
,"Kremer, Michael
1964–
USA","Development economics (field experiments)
Nobel 2019",,,,,
2020,"Milgrom, Paul
1948–
USA","Auction theory
Nobel 2020",,"In March 2020, major stock indexes in Europe, Asia, and the US dropped sharply, including the CAC 40 recording one of its worst sessions ever.

In 2020, governments and central banks responded with massive stimulus programs and very low interest rates.",,"In 2020, COVID-19 became a global pandemic and caused a historic worldwide stock market crash., ",
,"Wilson, Robert
1937–
USA","Auction design theory
Nobel 2020",,"Equities. With the onset of the coronavirus outbreak in early December 2019 in China, the disease spreads worldwide and triggers a sharp global stock market crash, particularly affecting Asian and European exchanges, the regions most impacted by the epidemic. During this crisis, the CAC 40 records the worst trading session in its history.",,"In 2020, the Nagorno-Karabakh war between Armenia and Azerbaijan erupted, lasting about six weeks and ending with a Russia-brokered ceasefire.",
2021,"Angrist, Joshua
1960–
USA","Causal inference (econometrics)
Nobel 2021",,"In 2021, global markets recovered strongly due to reopening economies and high consumer demand.",,"In 2021, the situation in many existing conflicts remained unstable, with no major global war, but tensions persisted in multiple regions.",
,"Card, David
1956–
Canada/USA","Empirical labor economics
Nobel 2021",,"In 2021, inflation began to rise because of supply chain disruptions and strong economic recovery.",,,
,"Imbens, Guido
1963–
Netherlands/USA","Causal inference methods
Nobel 2021",,,,,
2022,"Bernanke, Ben
1953–
USA","Banking & financial crises
Nobel 2022",,"Inflation, hyperinflation, interest rates.

The 2021–2022 global energy crisis is an energy shortage worldwide, caused in 2021 by the strong global economic rebound after the COVID-19 pandemic recession of 2020, and then intensified from March 2022 by Russia’s invasion of Ukraine.",,"In 2022, Russia launched a full-scale invasion of Ukraine, starting the largest war in Europe since World War II. Russian invasion of Ukraine",
,"Diamond, Douglas
1953–
USA","Banking stability theory
Nobel 2022",,"In 2022, an energy crisis emerged with sharp increases in oil and gas prices, especially in Europe.",,"In 2022, the Russia–Ukraine war began and created major geopolitical instability.",
,"Dybvig, Philip
1955–
USA","Bank run theory
Nobel 2022",,"In 2022, inflation reached multi-decade highs in many countries, forcing central banks like the Federal Reserve and ECB to rapidly increase interest rates.",,"In 2022, the war caused massive destruction, millions of refugees, and major global economic impacts, especially in energy and food markets.",
2023,"Goldin, Claudia
1946–
USA","Gender & labor economics
Nobel 2023",,"In 2023, higher interest rates slowed borrowing, investment, and overall global economic growth.",,"In 2023, financial stress appeared in parts of the banking sector, showing weaknesses after rapid rate hikes., In 2023, the Ukraine war continued with heavy fighting, shifting front lines, and long-term trench warfare-style conditions in some areas.",
,,,,,,"In 2023, new global tensions increased, including rising instability in the Middle East.",
,,,,,,"In late 2023, the Israel–Hamas war began after the October 7 attacks, escalating conflict in Gaza and increasing regional tensions. Israel–Hamas war",
,,,,,,"In 2023, Iran was widely reported to have political and indirect strategic links with groups involved in the regional escalation, especially through long-standing alliances.

In 2023, Hezbollah in Lebanon increased cross-border attacks with Israel, raising fears of a wider regional war.",
2024,"Acemoglu, Daron
1967–
Turkey/USA","Institutions and prosperity
Nobel 2024",,"In 2024, inflation started to decline gradually as supply chains normalized and monetary policy remained tight.",,"In 2024, the Ukraine war remained ongoing, with continued military aid from Western countries and prolonged stalemate conditions in many areas.",
,"Johnson, Simon
1963–
UK/USA","Institutions and development
Nobel 2024",,"In 2024, markets adapted to the idea of “higher-for-longer” interest rates, meaning borrowing costs stayed elevated for longer than expected.",,"In 2024, the Middle East conflict expanded risks of wider regional instability involving nearby countries.",
,"Robinson, James A.
1960–
USA/UK","Institutions and economic growth
Nobel 2024",,,,"In 2024, the Gaza war continued with severe humanitarian crisis and ongoing military operations.",
,,,,,,"In 2024, Lebanon’s southern border remained tense due to continued exchanges between Hezbollah and Israel.",
,,,,,,"In 2024, Syria stayed fragmented, with continued Iranian, Russian, and local forces operating in different regions of the country.",
2025,"Mokyr, Joel
1946–
Netherlands/USA","Preconditions for technological progress
Nobel 2025",,"In 2025, some economies began seeing inflation closer to target levels, leading to discussions about possible interest rate cuts.",,"In 2026, the United States increased pressure in the Gulf and at times used naval operations and restrictions on shipping routes linked to Iran, while Iran responded with warnings and limited maritime interference, creating a “blockade vs counter-blockade” situation rather than a clean closure.",
,"Aghion, Philippe
1956–
France","Creative destruction & growth theory
Nobel 2025",,"In 2025 to 2026, global markets remain sensitive to geopolitical tensions, energy prices, and uneven recovery across regions.",,,
,"Howitt, Peter
1946–
Canada","Endogenous growth & creative destruction
Nobel 2025",,,,,
2026,,,,,,"In 2025–2026, conflicts in Gaza, Lebanon, Syria, and Iraq continue to create instability, with Iran, Israel, and various regional groups playing major roles. External countries like the United States are involved, but they do not fully control or determine the outcomes on the ground.",